0,1,2,3,4,5
0.13234026264679083,0.023554570191975162,-0.36098581550515185,-0.8021475713543822,-1.0656242433813805,-0.7592052048064253
-0.5670504383638459,-0.4925528716285374,0.6904208140369147,-1.1236512560022753,2.043449278303285,0.9192240696325539
-0.17850004891349258,-1.8975120188065986,0.854164469457401,-0.9587775715674584,1.049916141897166,1.3711088742892021
-0.10942442412231891,-0.11980860809150048,0.018210018100183623,-1.5234699407567063,2.805729012270049,1.8359046733646118
-0.10078997102342142,0.25293565544553587,0.8369282952026128,0.05931742981753641,-0.2348249827659189,-0.9012261434128005
1.885134241722829,0.6686888724676155,-0.7315635619830936,0.4179176934632634,0.01355830133561091,-0.4880743220124364
0.6590419016794915,0.7403704616093534,-1.352065835155461,0.44058782507305067,-1.4082218766248698,-1.4951318866758239
0.5208906520971441,1.4141773995416889,-0.5678199065626078,2.095507432587526,-0.6459421426581061,-1.598419842025915
-0.5066092666715685,-0.9513150421356593,0.43187820021509526,-0.8516096766848272,-0.3804289768944018,0.5706272203259967
-0.25621012680356253,-0.6932613212254031,-0.36098581550515185,-0.07052059667488189,0.30476628959257673,-0.7333832159689025
-0.35982356399032367,-0.7362702747104458,-0.18862407295727204,-0.20448046527817068,0.22768182211279175,-0.25567642247473155
-0.023079893133351494,0.09523615933371299,0.7766016853108546,0.2736532195827986,-0.5774226160094081,-0.8366711713189936
-0.37709247018811737,-0.37786232900175676,-0.13691555019290827,0.5230246672904592,0.8186627394578109,-0.38478636666234534
-0.9383319216164056,-0.4495439181434946,0.6990389011643088,-0.6125428342543426,0.06494794632213435,-0.6946502327126184
1.505218305371372,0.7547067794377006,-1.6623169717416446,1.8358313796026893,-0.3290393319078784,-0.5397182996874819
-0.23030676750687254,-1.06600558476244,-0.08520702742854422,-0.6517003343076118,-1.2797477641585613,0.22203037101943945
0.054630184756719664,-1.883175700978251,1.3195411743366765,-0.732076255469585,-0.037831343650912536,0.3640513096258146
-0.8692562968252319,-0.06246333677811043,-0.04211659179157425,-0.9381683610131062,0.7330133311469385,-0.4880743220124364
1.3152603371956433,0.5253256941841399,-0.7918901718748516,1.3906724316286836,0.21055194045061726,-0.4235193499186295
1.0303233849320512,1.285150539086561,-1.0762870470788533,1.2154941419166905,-1.194098355847689,-0.8366711713189936
-0.10078997102342142,-0.7075976390537508,0.664566552654733,0.3478463775784661,0.7244483903158514,0.19620838218191672
-0.2821134861002537,-0.5498981429419274,-0.01626233040939222,0.02015992976426756,-1.3568322316383463,-0.7592052048064253
0.8662687760530138,1.715240073936988,-1.6967893202512205,1.802856642715726,-0.12348075196178476,-0.44934133875615223
-0.7656428596384708,-1.3383956235010435,0.8714006437121886,-1.5914803355860683,-0.7829811959555018,1.4614858352205318
-0.07488661172673144,0.33895356241562147,-0.27480494423121193,0.5477557199556817,-1.014234598394857,-0.3589643778248226
0.1150713564489971,-0.6789250033970555,0.6731846397821271,-0.6393348079750003,0.3390260529169257,-0.17821045596216328
-0.31665129849583995,-0.13414492591984825,2.06069666729256,-0.3487449391586355,1.4781631834515279,1.396930863126725
-0.4116302825837048,-0.10547229026315323,-0.033498504664180445,-0.6042991500326019,-1.0227995392259444,0.3898732984633374
-0.36845801708922116,-0.6789250033970555,2.0434604930377716,-0.4538519129858312,2.420306674871123,1.2936429077766338
-0.5843193445616397,-0.17715387940489105,-0.007644243281998413,0.34990729863390146,-0.046396284481999776,-0.9270481322503232
0.9526133070419812,1.0270968181763047,-1.386538183665037,0.920782430989455,-1.0570593025502932,-0.849582165737755
-0.32528575159473744,-0.11980860809150048,-0.34374964125036395,-0.936107439957671,-0.22626004193483165,-0.049100511774549487
-0.10078997102342142,0.22426301978884086,0.6731846397821271,-0.7052842817489271,-1.1512736516922528,-0.2814984113122543
-0.5670504383638459,-0.3205170576883664,0.595621855635581,-0.8907671767380962,-0.8515007226041997,0.44151727613838293
-0.6792983286495033,-0.37786232900175676,-0.300659205613394,0.0902312456490646,-1.1084489475368167,0.18329738776315532
-0.8865252030230256,-0.9799876777923544,0.8627825565847945,0.4591361145719677,-0.17487039694830822,-0.4235193499186295
-0.16123114271569886,-0.2488354685466286,1.3109230872092823,-0.3487449391586355,1.3925137751406553,1.7842606956895664
0.13234026264679083,-0.10547229026315323,0.6300942041451572,-0.7176498080815384,0.4760651062143216,0.23494136543820085
0.4518150273059693,1.1561236786314326,-1.0590508728240653,0.3746383512991238,-0.046396284481999776,-1.2369119983005963
-0.3080168453969437,-2.4279557784554586,0.854164469457401,-1.3606571773773246,0.37328581624127466,0.35114031520705324
1.5224872115691657,1.4715226708550788,-1.1193774827158232,1.1577883523645043,-0.9542800125772464,-0.6817392382938571
-0.18713450201238885,0.1669177484754508,0.46635054872467113,-0.15295743889229038,2.7629043081146127,0.5964492091635194
1.0907645566243287,0.7833794150943962,-1.240030702499339,0.737360457055721,0.1762921771262683,-0.8366711713189936
-0.6188571569572259,-2.012202561433379,1.9831338831460135,-1.2143317824414246,0.18485711795735554,1.4743968296392933
0.6158696361850078,0.912406275549524,-0.9039253045309734,0.40555216713065195,-1.3653971724694336,-1.3143779648131646
-0.5929537976605359,-0.6502523677403605,0.8283102080752187,-0.09112980722923401,-0.8771955450974614,0.46733926497590567
-0.2821134861002537,0.2099267019604936,0.49220481010685313,0.03046453504144362,-0.3804289768944018,-0.06201150619331087
0.43454612110817675,0.5970072833258777,-1.0849051342062472,0.745604141277462,0.4675001653832345,-0.6688282438750957
-0.4720714542759811,0.05222720584867019,0.569767594253399,0.6054615095078676,-0.8172409592798507,-0.6042732717812888
1.911037601019519,1.6005495313102072,-1.5933722747224928,0.162363482589297,-0.30334450941461666,-1.2110900094630737
1.3238947902945408,1.3281594925716032,-0.8522167817666094,1.7492726952744106,-0.43181862188092524,-1.120713048531744
-0.0662521586278352,0.08089984150536521,-0.36098581550515185,-1.527591782867577,2.283267621573728,1.396930863126725
-0.35982356399032367,0.10957247716206024,-0.16276981157509032,-0.8536705977402624,1.0156563785728172,0.10583142125058706
0.8058276043607364,1.3855047638849938,-0.5247294709256379,0.5395120357339408,-1.2711828233274742,-0.9270481322503232
-0.3339202046936337,-0.06246333677811043,0.009591930972789509,-0.7279544133587145,0.40754557956562365,0.854669097538747
1.4447771336790944,1.5001953065117744,-1.6106084489772805,1.600886379283075,-0.5089030893607103,-0.6430062550375729
1.5397561177669594,0.6256799189825728,-1.5588999262129168,1.9821567745385893,-0.6973317876446294,-0.7075612271313798
0.9180754946463938,1.6578948026235973,-0.6884731263461236,1.980095853483154,-0.14917557445504648,-1.7146187917947673
-0.23894122060577003,-0.5929070964269703,0.32846115468636744,-0.6249083605869541,-1.0656242433813805,-0.8624931601565163
1.4879493991735782,0.883733639892829,-1.4641009678115828,1.813161247992902,-1.1341437700300783,-0.8883151489940391
-0.7915462189351608,0.33895356241562147,0.13886323788369936,0.1438151930903803,0.9813966152484682,-0.6300952606188115
-0.38572692328701363,-0.6645886855687081,0.08715471511933562,0.036647298207749195,1.0670460235593406,-0.7075612271313798
1.5138527584702695,0.5683346476691827,-1.4813371420663708,0.793005325552472,-0.7487214326311529,-1.0303360876004142
0.9439788539430838,1.6292221669669023,-1.0849051342062472,0.4694407198491437,-0.132045692792872,-0.9012261434128005
0.6245040892839041,1.715240073936988,-1.5416637519581289,1.407159800072165,0.43324040205888553,-1.327288959231926
1.5915628363603394,0.4966530585274449,-1.0935232213336412,0.0902312456490646,0.08207782798430883,-0.9916031043441301
0.7453864326684589,1.3855047638849938,-0.7315635619830936,2.0893246694212206,-0.20056521944156994,-0.8108491824814709
0.02872682546002969,0.2816082911022314,0.7766016853108546,-0.6042991500326019,0.08207782798430883,0.5448052314884739
-0.5152437197704648,-0.635916049912013,0.43187820021509526,0.6343144042839607,-1.3225724683139977,-0.5526292941062433
-0.4116302825837048,-0.06246333677811043,2.0693147544199535,-1.4657641512045205,2.386046911546775,1.2419989301015883
-0.3511891108914274,-0.5642344607702752,0.8714006437121886,-0.7300153344141498,-1.2540529416652997,0.15747539892563256
1.3238947902945408,0.6686888724676155,-0.5419656451804258,0.7002638780578875,-1.1170138883679037,-0.9657811155066074
-1.50820582614359,0.03789088802032242,1.302305000081888,-1.2905858614925274,0.03925312382887263,1.1128889859139746
-0.9037941092208182,-0.5212255072852324,0.19918984777545756,-0.33637941282602435,-0.7230266101378912,0.5318942370697125
0.6245040892839041,1.6005495313102072,-0.9297795659131555,0.6982029570024524,-0.8943254267596359,-0.9786921099253688
-0.4116302825837048,0.22426301978884086,-0.2834230313586061,-0.47240020248474823,-0.012136521157650813,0.8159361142824629
0.5381595582949367,0.9697515468629141,-0.50749329667085,0.6116442726741732,-1.339702349976172,-0.6042732717812888
-0.11805887722121515,-0.16281756157654328,0.2939888061767913,-0.18799309683468904,-0.5945524976715827,0.48025025939466703
0.054630184756719664,-0.7506065925387934,-0.21447833433945407,-0.12616546517163268,0.5874093370184555,0.41569528730086014
-0.005810986935557768,-0.635916049912013,0.8196921209478246,-0.8557315187956978,-0.2348249827659189,-0.11365548386835639
-0.7138361410450907,-0.11980860809150048,0.34569732894115535,-0.7258934923032793,2.411741734040036,1.6293287626644297
-0.23030676750687254,-0.5642344607702752,0.2336621962850334,-0.004571122900955044,-0.7401564918000657,-0.47516332759367497
0.0718990909545134,-0.8509608173372265,0.5266771586164289,0.3169325617469379,-0.8515007226041997,-0.7850271936439481
1.1339368221188122,0.8980699577211763,-0.9470157401679433,1.2773217735797469,-0.17487039694830822,-0.6559172494563343
-0.8347184844296445,-0.005118065464719867,2.10378710292953,-1.2431846772175175,2.1547935091074195,0.9321350640513153
0.0028234661633397095,-0.13414492591984825,0.759365511056067,-0.334318491770589,0.03925312382887263,-0.32023139456853844
-0.6620294224517096,-0.9943239956207022,0.27675263192200333,-1.7769632305752374,1.5209878876069642,0.9450460584700767
-0.32528575159473744,0.12390879499040801,0.6731846397821271,-0.5939945447554259,0.6559288636671534,-0.010367528518265352
-0.7052016879461933,-0.6072434142553177,0.26813454479460924,-0.7691728344674187,-0.029266402819825295,-0.15238846712464052
-0.42889918878149735,0.03789088802032242,0.2164260220302455,0.0098553244870915,1.0242213194039047,0.41569528730086014
0.719483073371769,0.7403704616093534,-1.4813371420663708,0.14793703520125048,-1.2883127049896486,-0.6688282438750957
-0.16123114271569886,-0.4925528716285374,1.8624806633624977,-1.0844937559490062,2.2404429174182914,1.2161769412640657
-0.541147079067156,-0.048127018949762665,-0.19724216008466616,-0.20654138633360578,-0.8001110776176763,0.5577162259072354
-0.18713450201238885,-1.2380413987026107,1.1557975189161906,-0.2498207284977454,-0.046396284481999776,1.2419989301015883
-1.7586049660115959,-0.7219339568820984,0.7335112496738847,-1.6780390199143473,-0.012136521157650813,1.0096010305638836
-0.15259668961680262,-2.083884150575117,1.7159731821968,-1.628576914583902,-0.4403835627120125,0.8417581031199857
0.42591166800927927,0.7547067794377006,-1.498573316321159,1.0258894048166507,-1.082754125043555,-0.7979381880627094
0.04599573165782341,-0.9083060886506166,0.6128580298903689,-0.3631713865466821,-0.75728637346224,-0.3589643778248226
0.8489998698552201,0.5970072833258777,-1.265884963881521,2.0604717746451273,-0.8600656634352869,-0.44934133875615223
-2.0003696527807047,0.29594460893057867,0.6731846397821271,-1.6883436251915234,-1.0227995392259444,1.022512024982645
-0.774277312737367,0.06656352367701796,0.26813454479460924,-0.07052059667488189,-0.75728637346224,0.10583142125058706
-0.4634370011770848,-0.9226424064789643,-0.12829746306551418,0.6858374306698407,-0.2519548644280934,-0.4235193499186295
-0.8606218437263344,-0.6789250033970555,0.7852197724382487,-0.03548493873248323,1.0756109643904281,-0.3589643778248226
-0.10942442412231891,0.23859933761718863,0.16471749926588142,-0.9319855978468005,0.7073185086536768,0.0025434659004960267
-0.031714346232247746,-0.9513150421356593,0.8110740338204311,-0.7300153344141498,2.283267621573728,0.5060722482321898
0.5726973706905242,1.5718768956535123,-1.498573316321159,0.6240097990067847,-1.0913190658746423,-1.0819800652754599
-0.5238781728693622,-0.5212255072852324,0.34569732894115535,-0.1447137546705494,1.366818952647394,0.6222711980010422
0.47771838660266047,1.64355848479525,-1.6623169717416446,0.7703351939426849,-1.082754125043555,-1.7146187917947673
-0.005810986935557768,-0.19149019723323832,0.0699185408645477,0.0881703245936295,1.0156563785728172,-0.8624931601565163
-0.7656428596384708,-0.9369787243073118,0.7421293368012788,-0.7052842817489271,0.41611052039671104,-0.9012261434128005
-0.8433529375285419,-0.6502523677403605,0.24228028341242752,0.12526690359146325,-0.3632990952322273,-0.17821045596216328
-1.1973655145833078,-0.7506065925387934,0.854164469457401,-0.5898727026445554,-0.6459421426581061,1.3194648966141567
-0.8692562968252319,-0.7792792281954887,0.8627825565847945,-0.8619142819620033,0.9728316744173812,-0.07492250061207224
-0.10942442412231891,-0.6502523677403605,0.4232601130877012,-0.027241254510742552,-0.868630604266374,0.6222711980010422
1.608831742558133,0.9554152290345669,-0.7229454748556997,1.0712296680362257,-0.9714098942394209,-0.9399591266690847
-0.25621012680356253,-0.033790701121415405,0.3026068933041854,-1.3585962563218894,1.743676349215232,1.3581978798704408
0.1150713564489971,-0.06246333677811043,0.04406427948236566,-0.422938097154303,-1.451046580780306,-0.100744489449595
-0.7138361410450907,-0.42087128248679956,-0.20586024721206028,-0.31577020227167224,1.8378906983571917,1.3065539021953954
-0.6102227038583297,-0.8222881816805312,-0.2230964214668482,-0.859853360906568,-0.5774226160094081,-0.5526292941062433
0.7626553388662527,0.7977157329227434,-1.6019903618498867,2.0728373009777386,0.1934220587884428,-1.2110900094630737
1.4620460398768882,0.6973615081243106,-0.7832720847474576,1.2731999314688762,0.12490253213974505,-1.6887968029572447
0.09780245025120338,-0.5355618251135799,-0.007644243281998413,-0.8413050714076512,2.591605491492868,0.4544282705571443
1.8246930700305515,1.313823174743256,-0.6453826907091537,1.1928240103069032,0.5103248695386705,-0.7979381880627094
0.14960916884458333,-0.8079518638521836,0.6818027269095212,-0.8330613871859104,-1.3140075274829104,0.05418744357554154
-0.24757567370466627,-0.7075976390537508,2.138259451439106,-1.616211388251291,2.822858893932224,1.3711088742892021
-0.5238781728693622,-1.7254762048664278,1.7762997920885577,-0.6249083605869541,-0.47464332603636145,0.8804910863762698
0.17551252814127452,0.2099267019604936,-0.2230964214668482,-0.0025102018455199493,-0.2176951011037444,0.028365454738018783
-0.25621012680356253,-1.424413530471129,1.2592145644449182,-1.5667492829208458,-0.534597911853972,1.6938837347582367
-0.670663875550607,0.15258143064710303,0.0785366279919415,-0.46415651826300725,0.27050652626822774,-0.5397182996874819
1.0821301035254323,0.9840878646912619,-0.5850560808173958,1.9182682218200977,0.570279455356281,-1.4176659201632555
-1.8535839500994595,0.19559038413214583,0.22504410915763928,-0.6496394132521763,-0.2176951011037444,1.5389518017331
1.7901552576349642,0.855061004236134,-0.50749329667085,0.8115536150513891,-1.3568322316383463,-1.701707797376006
-0.49797481357267226,0.1382451128187558,0.4060239388329132,0.2180083510860478,-0.3632990952322273,0.015454460319257405
1.1684746345143997,0.7690430972660484,-0.7746539976200635,1.8688061164896526,-0.7315915509689784,-0.7592052048064253
1.9801132258106926,0.7403704616093534,-1.6106084489772805,0.30868887752519725,-0.9457150717461593,-1.3401999536506874
0.0718990909545134,-0.20582651506158609,1.0523804733874627,-1.5667492829208458,1.4096436568028299,0.35114031520705324
-0.38572692328701363,-0.9513150421356593,1.517757178266738,-0.7011624396380568,1.2811695443365214,0.5448052314884739
0.8749032291519101,1.1131147251463898,-1.0245785243144894,0.23037387741865895,-0.7144616693068039,-1.6758858085384831
-1.1628277021877202,-0.7506065925387934,1.0696166476422508,-1.5090434933686598,0.8614874436132473,0.7772031310261788
-0.2821134861002537,-1.4387498482994765,-0.3868400768873339,-1.469885993315391,-1.1341437700300783,1.564773790570623
0.443180574207073,0.5970072833258777,-1.2141764411171572,0.2963233511925858,0.4760651062143216,-1.6629748141197218
0.5554284644927304,1.6578948026235973,-1.265884963881521,1.959486642928802,-0.680201905982455,-1.3014669703944033
-1.4650335606491063,-1.06600558476244,1.0523804733874627,-0.7918429660772061,-1.0998840067057296,0.7642921366074173
-2.1989620740553293,-0.5642344607702752,0.19057176064806344,-1.527591782867577,0.6816236861604154,0.7642921366074173
-1.2491722331766877,-0.635916049912013,2.0951690158021354,-0.2189069126662172,-0.8600656634352869,0.5964492091635194
-0.8260840313307481,-0.005118065464719867,0.5611495071260051,-0.7547463870793724,1.0327862602349918,-0.5397182996874819
-0.1353277834190089,-0.2631717863749761,0.27675263192200333,-0.4064507287108214,0.527454751200845,0.8030251198637015
-0.20440340821018257,-2.083884150575117,0.04406427948236566,-1.6594907304154303,0.02212324216669815,1.0741560026576904
-0.3511891108914274,0.23859933761718863,-0.04211659179157425,-0.606360071088037,-1.1170138883679037,-0.8754041545752778
-0.36845801708922116,-0.6645886855687081,0.32846115468636744,-0.7300153344141498,-0.9971047167326826,-0.2685874168934929
-0.8951596561219218,-0.7362702747104458,0.7852197724382487,0.1417542720349449,-0.9628449534083339,0.41569528730086014
-0.8347184844296445,-0.3491896933450617,1.836626401980316,-0.956716650512023,2.531650905675258,1.2549099245203497
-1.534109185440281,-0.005118065464719867,0.12162706362891146,-0.6372738869195652,0.3818507570723621,0.9837790417263608
-0.8606218437263344,-0.14848124374819552,0.14748132501109348,-0.8227567819087342,-0.9799748350705081,0.31240733195076914
0.5208906520971441,1.399841081713341,-1.6450807974868566,1.1371791418101522,0.20198699961953004,-1.1078020541129825
1.0648611973276385,1.4858589886834266,-1.515809490575947,0.7435432202220269,-0.34616921357005287,-0.7979381880627094
-0.8606218437263344,0.2816082911022314,0.19057176064806344,-1.1009811243924879,1.9663648108235003,0.5448052314884739
-0.3339202046936337,0.29594460893057867,2.0951690158021354,-1.6533079672491247,2.386046911546775,1.564773790570623
1.7210796328437905,1.2278052677731703,-1.472719054938977,1.0217675627057805,-1.0913190658746423,-0.8108491824814709
1.781520804536068,1.7439127095936828,-0.6109103421995778,1.3329666420764974,-0.75728637346224,-0.7850271936439481
-2.2248654333520204,0.009218252363627392,1.0868528218970384,-1.6326987566947726,-0.8857604859285485,1.0483340138201678
-0.07488661172673144,-0.7219339568820984,0.7938378595656428,-0.7671119134119835,0.1762921771262683,0.015454460319257405
1.8505964293272417,0.7977157329227434,-0.7401816491104877,1.2093113787503846,-1.3910919949626954,-1.2369119983005963
-1.654991528824835,-0.048127018949762665,2.10378710292953,-0.4662174393184427,-1.2112282375098635,1.7971716901083277
-0.2821134861002537,-0.019454383293067635,0.4749686358520652,-0.4806438867064892,-0.12348075196178476,-0.24276542805597018
0.1150713564489971,-1.3814045769860863,0.578385681380793,-0.5218623078151935,-0.029266402819825295,0.6868261700948491
-1.7240671536160086,-0.5785707785986227,0.578385681380793,-0.6331520448086947,-1.2283581191720379,0.9837790417263608
1.859230882426139,1.672231120451945,-0.9642519144227314,1.1722147997525512,-0.2519548644280934,-1.1852680206255508
0.9439788539430838,1.4715226708550788,-1.291739225263703,1.6276783530037329,0.30476628959257673,-1.4176659201632555
-0.9296974685175093,-0.5355618251135799,0.4577324615972773,-0.5156795446488875,0.5959742778495429,-0.100744489449595
0.5899662768883178,1.6005495313102072,-0.5505837323078199,1.9574257218733668,-1.3054425866518231,-1.2498229927193578
-0.07488661172673144,-0.048127018949762665,-0.033498504664180445,0.6157661147850436,-0.029266402819825295,-0.9141371378315619
-1.3786890296601388,-0.7219339568820984,-0.33513155412297013,-0.8371832292967808,-0.7058967284757167,0.6997371645136105
1.9369409603162089,0.6686888724676155,-1.2141764411171572,0.1891554563099547,-1.3653971724694336,-0.7075612271313798
1.0044200256353613,1.3855047638849938,-0.8780710431487915,0.08610940353819412,0.5188898103697576,-0.9399591266690847
1.7469829921404805,1.672231120451945,-1.5933722747224928,1.8358313796026893,-1.4424816399492189,-0.7592052048064253
-0.6188571569572259,-2.29892891800033,1.8193902277255276,-1.7501712568545797,-1.0313644800570316,0.35114031520705324
-2.121251996165259,-0.3205170576883664,0.6731846397821271,-0.5053749393717115,-1.339702349976172,1.642239757083191
0.8230965105585301,0.6686888724676155,-0.6626188649639415,0.9455134836546779,0.030688182997785394,-1.0174250931816529
1.1684746345143997,1.5862132134818594,-0.9987242629323074,1.4030379579612948,0.4675001653832345,-0.8108491824814709
0.7453864326684589,0.6830251902959629,-1.455482880684189,0.46531887773827324,-0.037831343650912536,-1.5725978531883922
0.8662687760530138,0.7547067794377006,-1.6019903618498867,1.8172830901037722,-1.1512736516922528,-0.43643034433739086
-0.20440340821018257,-0.4495439181434946,0.5094409843616411,-0.868097045128309,2.403176793208949,1.7971716901083277
0.9785166663386712,1.0844420894896947,-1.6967893202512205,1.0135238784840395,-1.4082218766248698,-1.1336240429505053
1.3757015088879208,1.5432042599968168,-1.6623169717416446,1.471048352790657,0.43324040205888553,-0.6817392382938571
-0.9124285623197156,-0.5498981429419274,0.5266771586164289,-1.3276824404903613,1.6837217633976216,0.648093186838565
0.42591166800927927,1.285150539086561,-0.5505837323078199,1.6688967741124372,-0.7230266101378912,-1.5467758643508693
-2.164424261659743,-0.9369787243073118,2.1727317999486813,-1.187539808720767,0.536019692031932,1.1516219691702587
-0.0835210648256277,-0.5355618251135799,0.9575815149861285,-0.6352129658641301,2.2233130357561173,0.6222711980010422
-0.7311050472428833,0.26727197327388363,0.08715471511933562,-0.4353036234869145,-0.9028903675907229,-0.2814984113122543
0.06326463785561591,-0.7506065925387934,0.13886323788369936,0.4488315092947916,0.39041569790344915,0.3253183263695305
-0.774277312737367,-0.9226424064789643,0.13886323788369936,0.19946006158713078,0.7587081536402003,0.8675800919575084
1.0303233849320512,1.4571863530267317,-0.8005082590022455,0.4591361145719677,-1.2283581191720379,-1.2110900094630737
-0.7829117658362644,-0.07679965460645768,0.6387122912725512,0.6343144042839607,0.33046111208583867,-0.7204722215501412
-0.5238781728693622,-2.4279557784554586,1.3712496971010404,-1.1937225718870725,-0.8515007226041997,1.0999779914952132
-0.7656428596384708,-0.07679965460645768,1.0437623862600685,-0.22921151794339328,1.2469097810121725,1.8359046733646118
1.1166679159210187,1.6148858491385545,-0.8005082590022455,1.5947036161167696,0.6559288636671534,-1.0174250931816529
-0.36845801708922116,-0.3635260111734092,-0.2834230313586061,-0.1735666494466425,0.21055194045061726,-0.9141371378315619
-0.3943613763859111,0.09523615933371299,-0.2920411184860002,0.6899592727807115,0.6644938044982409,0.4286062817196215
-1.8535839500994595,-0.4065349646584518,1.84524448910771,-0.17562757050207758,-0.4061237993876635,1.3452868854516795
-1.326882311066759,-0.9083060886506166,1.9486615346364375,-0.7197107291369736,-0.28621462775244216,0.3640513096258146
-0.10942442412231891,0.18125406630379806,0.2336621962850334,0.5786695357872099,-0.9971047167326826,-0.02327852293702673
-0.23894122060577003,0.19559038413214583,0.578385681380793,0.2633486143056225,-1.2454880008342124,0.4286062817196215
0.7108486202728715,1.3281594925716032,-0.9297795659131555,1.6853841425559186,-0.037831343650912536,-1.224001003881835
0.13234026264679083,-2.083884150575117,1.026526212005281,-0.9154982294033188,0.28763640793040224,0.3898732984633374
0.443180574207073,1.4858589886834266,-1.257266876754127,0.11084045620341672,0.2619415854371407,-0.9657811155066074
-0.20440340821018257,-0.5929070964269703,1.7935359663433459,-1.150443229722933,1.81219587586393,1.2419989301015883
-1.3527856703634489,0.18125406630379806,1.3884858713558281,-1.5090434933686598,0.673058745329328,1.3711088742892021
0.7453864326684589,1.041433136004652,-0.8953072174035794,0.25716585113931695,-1.4339166991181316,-1.1852680206255508
-0.8778907499241281,0.05222720584867019,-0.3782219897599401,-0.9917523084544217,2.822858893932224,0.7642921366074173
-0.5325126259682584,-0.6932613212254031,0.6990389011643088,-0.3940852023782102,0.9471368519241192,-0.8366711713189936
-0.8174495782318507,-0.06246333677811043,0.3198430675589733,-1.1463213876120626,1.3839488343095683,1.2936429077766338
-0.8519873906274381,-0.33485337551671396,1.8107721405981336,-1.307073229936009,1.555247650931313,0.6222711980010422
-0.5584159852649485,-1.0516692669340921,-0.20586024721206028,-1.5914803355860683,1.4524683609582663,1.564773790570623
0.37410494941589933,1.3281594925716032,-1.0418146985692773,0.1603025615338619,0.5617145145251939,-0.5138963108499591
-0.023079893133351494,-0.33485337551671396,-0.05935276604636218,-0.8474878345739569,-0.9457150717461593,0.15747539892563256
-0.6361260631550196,-0.39219864683010425,0.06130045373715358,-0.13440914939337334,0.1762921771262683,0.0025434659004960267
-1.5945503571325574,0.23859933761718863,-0.231714508594242,-0.6599440185293524,0.41611052039671104,0.8934020807950311
0.9957855725364649,1.729576391765335,-0.7660359104926695,2.0151315114255524,0.5103248695386705,-0.6042732717812888
0.14960916884458333,-2.2559199645152876,-0.16276981157509032,-0.4785829656510538,-1.4424816399492189,1.2807319133578725
-0.5238781728693622,0.2816082911022314,0.8714006437121886,-0.7774165186891595,-0.4403835627120125,-0.2814984113122543
0.12370580954789334,0.2099267019604936,-0.007644243281998413,0.5786695357872099,0.5017599287075831,-0.37187537224358397
-1.6031848102314548,0.22426301978884086,-0.18000598582987823,-1.1731133613327203,-0.0035715803265635726,1.642239757083191
-1.180096608385514,-0.8079518638521836,-0.231714508594242,-0.49919217620540596,-0.9799748350705081,0.6351821924198036
-0.18713450201238885,0.023554570191975162,0.2853707190493975,0.39318664079804083,-0.7744162551244145,0.35114031520705324
-1.45639910755021,0.3246172445872737,0.46635054872467113,-0.2518816495531805,0.0735128871532216,1.8617266622021347
-2.009004105879602,-0.19149019723323832,1.336777348591464,-0.1405919125596792,-1.2883127049896486,1.7842606956895664
-0.9296974685175093,-0.7506065925387934,1.784917879215952,-1.6409424409165134,2.788599130607875,1.4743968296392933
0.5467940113938341,0.6543525546392678,-1.0849051342062472,1.3102965104667101,-0.34616921357005287,-1.056158076437937
-0.7397395003417807,-0.5785707785986227,0.20780793490285138,0.33754177230129,-0.9285851900839849,-0.20403244479968605
0.92670994774529,1.6005495313102072,-0.8091263461296395,2.0934465115320906,-0.020701461988738054,-1.224001003881835
0.6158696361850078,1.285150539086561,-0.8177444332570335,0.45501427246109716,0.004993360504523669,-1.1981790150443121
-0.27347903300135623,-1.754148840523123,1.1988879545531608,-1.469885993315391,0.10777265047757056,0.3640513096258146
-0.29074793919915,-0.9943239956207022,0.8627825565847945,0.5003545356806719,0.5959742778495429,0.8417581031199857
-1.3959579358579326,-0.7506065925387934,1.784917879215952,-1.171052440277285,0.13346747297083228,1.087066997076452
-2.181693167857537,-0.7362702747104458,0.17333558639327554,-1.1195294138914047,-0.3804289768944018,1.564773790570623
-0.2130378613090788,-0.6215797320836652,0.19057176064806344,0.5663040094545988,-0.046396284481999776,-0.20403244479968605
-0.7829117658362644,-0.7506065925387934,0.578385681380793,-0.46003467615213706,1.1013057868836895,0.22203037101943945
-0.2216723144079763,0.06656352367701796,0.8714006437121886,-0.010753886067260621,-0.020701461988738054,0.5577162259072354
1.807424163832758,1.5862132134818594,-0.8608348688940034,1.9842176955940243,-0.8001110776176763,-1.2498229927193578
-0.5497815321660522,-0.7219339568820984,0.6042399427629751,-0.004571122900955044,-0.868630604266374,-0.8883151489940391
-0.15259668961680262,-1.5964493444112997,2.1468775385664998,-0.34050125493689454,-0.3290393319078784,1.087066997076452
1.8160586169316553,0.9840878646912619,-0.9470157401679433,1.6050082213939458,-0.2176951011037444,-0.8366711713189936
-0.38572692328701363,0.06656352367701796,-0.3868400768873339,0.49417177251436634,0.35615593457910016,-0.2685874168934929
-1.5168402792424875,-0.5498981429419274,1.3626316099736464,-0.2024195442227356,-0.7744162551244145,1.7455277124332822
-0.057617705528937725,-0.39219864683010425,-0.33513155412297013,-0.6125428342543426,-1.4082218766248698,0.18329738776315532
1.686541820448204,1.0844420894896947,-0.9211614787857615,0.6590454569491833,-0.2947795685835294,-0.7850271936439481
-0.014445440034454018,-0.033790701121415405,-0.3782219897599401,-0.0684596756194468,-0.8001110776176763,0.0800094324130643
1.5742939301625456,1.342495810399951,-1.2314126153719451,1.0897779575351427,-0.9971047167326826,-1.1723570262067895
1.9801132258106926,1.2708142212582132,-0.5850560808173958,0.28189690380453925,-0.7829811959555018,-1.120713048531744
0.5295251051960405,1.2708142212582132,-1.0331966114418834,1.7369071689417988,-0.3376042727389656,-1.6113308364446763
-0.8606218437263344,-0.9943239956207022,0.4232601130877012,-0.30546559699449616,0.5017599287075831,-0.010367528518265352
0.9008065884486001,0.7977157329227434,-1.7054074073786147,0.9723054573753352,-1.262617882496387,-0.7333832159689025
-0.8347184844296445,0.3246172445872737,0.6818027269095212,0.48798900934806044,-0.7401564918000657,-0.5397182996874819
-2.2594032457476065,-1.0803419025907874,0.4060239388329132,-0.7444417818021963,0.8614874436132473,1.6551507515019526
-0.4202647356826011,-0.4782165538001896,-0.024880417536786333,-0.029302175566177646,0.4418053428899726,0.31240733195076914
-0.7829117658362644,-0.4065349646584518,-0.11106128881072624,0.15411979836755635,1.0070914377417302,-0.100744489449595
1.7728863514371715,0.8407246864077862,-1.1366136569706113,0.3560900618002071,0.30476628959257673,-1.1852680206255508
-0.7656428596384708,-0.6502523677403605,1.9831338831460135,-1.1071638875587935,2.608735373155043,1.6164177682456684
-0.0662521586278352,-1.4817588017845191,1.7159731821968,-0.5445324394249806,-0.2348249827659189,1.8875486510396573
0.9439788539430838,1.4858589886834266,-1.360683922282855,1.9079636165429217,0.6559288636671534,-1.4563989034195397
-1.7499705129126997,0.18125406630379806,0.5439133328712172,-0.6207865184760836,-1.2454880008342124,1.9004596454584186
-0.057617705528937725,-1.06600558476244,0.4404962873424891,-0.6352129658641301,-1.2197931783409506,0.4544282705571443
-0.10942442412231891,-0.9943239956207022,0.08715471511933562,0.12526690359146325,-0.568857675178321,-0.1652994615434019
-0.5325126259682584,-0.7649429103671409,-0.19724216008466616,-0.6001773079217314,2.069144100796547,1.1257999803327359
0.9698822132397737,1.2278052677731703,-0.6195284293269716,1.4607437475134808,-1.2454880008342124,-1.3531109480694488
1.3411636964923346,1.1561236786314326,-1.5502818390855226,1.4586828264580451,-0.6031174385026699,-0.746294210387664
-0.16986559581459512,-1.0373329491057446,0.5870037685081871,-0.8742798082946146,0.2191168812817045,0.31240733195076914
1.6433695549537206,0.9697515468629141,-0.9642519144227314,1.8955980902103104,0.4589352245521471,-0.8237601769002322
-0.7915462189351608,-0.10547229026315323,0.854164469457401,-0.05403322823140025,-0.6202473201648444,-0.13947747270587915
-0.38572692328701363,0.23859933761718863,0.0009738438453957008,-0.1982977021118651,0.673058745329328,-0.3976973610811067
-1.1196554366932365,-0.4925528716285374,-0.3178953798681819,-1.665673493581736,0.9557017927552067,0.9192240696325539
1.3757015088879208,1.5288679421684694,-1.6450807974868566,1.6627140109461314,-1.1769684741855144,-0.6430062550375729
0.443180574207073,1.012760500347957,-0.8263625203844276,1.0464986153710027,-0.6288122609959316,-0.6300952606188115
0.6590419016794915,1.3281594925716032,-0.5333475580530317,1.4298299316819527,-1.2283581191720379,-1.6500638197009605
0.5640629175916279,0.6830251902959629,-0.5592018194352137,1.3803678263515076,0.5959742778495429,-1.5467758643508693
-0.5238781728693622,-2.3992831427987635,1.5780837881584961,-0.692918755416316,-0.5174680301917974,1.7455277124332822
0.7281175264706652,1.2564779034298654,-1.515809490575947,1.3082355894112752,-0.500338148529623,-0.5397182996874819
-0.35982356399032367,-0.8796334529939215,-0.05073467891896837,-0.16532296522490153,-0.17487039694830822,-0.8883151489940391
-0.7829117658362644,-0.2488354685466286,-0.2230964214668482,0.6755328253926647,-1.0656242433813805,-0.5526292941062433
-0.6965672348472971,0.1669177484754508,0.19918984777545756,0.5209637462350241,-1.3054425866518231,0.5189832426509512
-0.29938239229804625,-0.7936155460238362,0.32846115468636744,-0.4291208603206089,0.5103248695386705,-0.049100511774549487
0.4604494804048667,1.6005495313102072,-1.533045664830735,1.45250006329174,0.14203241380191953,-0.6817392382938571
-0.8606218437263344,-0.6789250033970555,0.10439088937412354,-0.2992828338281903,-0.9885397759015954,-0.02327852293702673
0.8489998698552201,1.4858589886834266,-1.5847541875950988,1.3453321684091086,0.40754557956562365,-0.4622523331749136
-0.6965672348472971,-1.0373329491057446,2.138259451439106,-0.5672025710347679,1.5038580059447897,1.2936429077766338
-0.5929537976605359,-2.1985746932018975,1.97451579601862,-1.60796770402955,0.570279455356281,1.1774439580077816
-0.0662521586278352,-0.3491896933450617,0.6128580298903689,-0.7011624396380568,-0.868630604266374,-0.7333832159689025
-0.541147079067156,0.26727197327388363,0.0009738438453957008,-0.5033140183162764,0.27050652626822774,-0.37187537224358397
1.2634536186022634,1.371168446056646,-0.8177444332570335,1.1000825628123188,-0.423253681049838,-0.6171842662000502
-0.7397395003417807,-0.5498981429419274,0.04406427948236566,-0.9258028346804948,0.45037028372106,-0.07492250061207224
-0.9296974685175093,0.19559038413214583,0.7852197724382487,-0.10967809672815103,0.2962013487614897,-0.20403244479968605
1.8160586169316553,1.0701057716613476,-0.9728700015501254,0.6672891411709243,0.27050652626822774,-0.7850271936439481
0.6590419016794915,0.5396620120124872,-1.1883221797349752,0.5621821673437283,-0.3376042727389656,-1.2756449815568804
1.7383485390415843,0.8693973220644813,-0.6626188649639415,1.0361940100938267,-0.8429357817731125,-1.5725978531883922
-0.6102227038583297,-0.8222881816805312,1.1299432575340085,-0.6723095448619638,1.7179815267219707,1.4098418575454863
-0.4807059073748785,-0.20582651506158609,-0.16276981157509032,-0.0684596756194468,0.3989806387345366,-0.746294210387664
-0.7915462189351608,-0.29184442203167144,-0.35236772837775804,-0.8268786240196048,0.8357926211199853,-0.06201150619331087
-0.7915462189351608,0.10957247716206024,0.04406427948236566,0.022220850819702653,0.5959742778495429,0.7642921366074173
-0.2821134861002537,-0.9943239956207022,1.5780837881584961,-0.6249083605869541,2.069144100796547,0.854669097538747
-0.20440340821018257,-0.2488354685466286,0.3801696774507312,0.6549236148383125,1.0670460235593406,0.0025434659004960267
-0.43753364188039484,-0.11980860809150048,0.3112249804315792,-0.38996336026733974,0.5445846328630195,0.40278429288209877
-0.3511891108914274,-0.4782165538001896,-0.17138789870248414,-0.8804625714609201,-1.1084489475368167,-0.21694343921844741
-0.7052016879461933,-0.37786232900175676,0.1560994121384876,0.2695313774719281,-1.4424816399492189,-0.37187537224358397
-0.8347184844296445,-0.07679965460645768,-0.14553363732030208,0.4982936146252365,-1.3825270541316081,0.06709843799430291
-0.8174495782318507,-1.6681309335530377,0.8369282952026128,-0.507435860427147,0.638798982004979,1.2678209189391112
1.280722524800057,1.1704599964597804,-1.421010532174613,0.1912163773653901,0.03925312382887263,-0.8754041545752778
-0.27347903300135623,-1.4817588017845191,-0.300659205613394,-1.3111950720468797,-0.1920002786104827,0.4931612538134284
-0.6620294224517096,-1.811494111836513,0.7766016853108546,-1.6615516514708657,-0.8857604859285485,0.5189832426509512
1.5570250239647532,1.7009037561086402,-0.6109103421995778,1.1887021681960326,-1.3568322316383463,-0.8754041545752778
-0.09215551792452518,-0.20582651506158609,-0.09382511455593832,-0.46209559720757215,0.25337664460605347,0.37696230404457604
-0.14396223651790513,-1.0803419025907874,0.5611495071260051,0.47356256196001423,0.6216691003428044,-0.5655402885250046
-1.5427436385391775,-0.16281756157654328,1.3540135228462522,-1.7749023095198022,0.02212324216669815,1.5131298128955772
1.2548191655033671,1.2994868569149083,-1.6709350588690388,0.737360457055721,0.5959742778495429,-1.6629748141197218
-0.3425546577925299,-1.0373329491057446,0.4749686358520652,-0.8948890188489667,0.7844029761334619,-0.37187537224358397
1.2979914309978509,0.9267425933778718,-1.334829660900673,1.0382549311492624,0.18485711795735554,-0.9012261434128005
-0.04898325243004147,0.10957247716206024,-0.11967937593812036,0.46325795668283815,0.8614874436132473,0.6093602035822808
-0.005810986935557768,-0.3205170576883664,0.4060239388329132,-0.06639875456401141,-0.2605198052591806,-0.9270481322503232
-0.3943613763859111,-0.13414492591984825,1.2505964773175242,-1.3915709932088527,1.7865010533706682,1.8229936789458505
1.4016048681846107,0.7260341437810056,-0.7401816491104877,1.7348462478863638,-0.06352616614417407,-0.8624931601565163
1.1425712752177086,0.5396620120124872,-0.4988752095434559,0.3663946670773831,0.41611052039671104,-1.3531109480694488
-0.44616809497929105,-0.09113597243480545,-0.19724216008466616,-0.12204362306076219,-1.0570593025502932,-0.6171842662000502
1.8419619762283452,1.4715226708550788,-0.5333475580530317,0.7703351939426849,-0.423253681049838,-1.327288959231926
-1.2837100455722752,-0.10547229026315323,2.0434604930377716,-0.6970405975271863,0.5103248695386705,0.5835382147447581
0.3827394025147956,1.1561236786314326,-1.360683922282855,0.512720062013283,0.5531495736941066,-1.5467758643508693
0.04599573165782341,0.03789088802032242,0.2164260220302455,-0.4064507287108214,2.180488331600681,0.8675800919575084
-0.9383319216164056,-0.07679965460645768,0.3887877645781253,0.4818062461817549,-0.5174680301917974,0.17038639334439395
-1.3441512172645527,-0.005118065464719867,0.41464202596030736,-1.2823421772707866,-1.2454880008342124,1.4614858352205318
1.2116469000088834,1.0270968181763047,-1.0935232213336412,1.8193440111592074,-0.07209110697526132,-0.5268073052687205
-0.670663875550607,-0.4638802359718421,-0.32651346699557604,0.22831295636322385,-0.3204743910767911,0.8288471087012242
-0.20440340821018257,-2.1985746932018975,1.6039380495406779,-0.23745520216513394,-1.0656242433813805,1.4873078240580546
1.6951762735471005,1.3281594925716032,-1.162467918352793,1.5782162476732877,0.5788443961873685,-0.5397182996874819
-0.27347903300135623,-0.13414492591984825,0.4577324615972773,-0.6413957290304357,0.030688182997785394,0.8675800919575084
0.8403654167563226,1.729576391765335,-0.6453826907091537,0.9455134836546779,0.35615593457910016,-0.6171842662000502
-0.24757567370466627,-1.8975120188065986,1.707355095069406,-0.3734759918238581,-0.5089030893607103,0.44151727613838293
-0.2821134861002537,-1.8258304296648606,-0.3178953798681819,-0.17974941261294808,-1.3910919949626954,1.706794729176998
0.7626553388662527,1.242141585601518,-1.334829660900673,1.2876263788569229,-0.8515007226041997,-0.9270481322503232
-2.3198444174398842,0.05222720584867019,0.9317272536039468,-0.58781178158912,-1.3739621133005209,0.4544282705571443
-0.0662521586278352,-2.112556786231812,-0.18000598582987823,-1.65536888830456,-0.457513444374187,1.7455277124332822
-0.1957689551112863,-0.9369787243073118,0.6128580298903689,-0.6743704659173989,2.1376636274452454,1.1257999803327359
-0.09215551792452518,-0.9799876777923544,0.3801696774507312,-1.4307284932621218,1.9749297516545874,0.7126481589323719
-0.25621012680356253,-0.033790701121415405,0.33707924181376125,-0.936107439957671,0.8700523844443343,-0.22985443363720878
0.054630184756719664,-1.2953866700160008,1.7676817049611635,-0.16532296522490153,-1.0998840067057296,1.6938837347582367
-0.17850004891349258,-0.07679965460645768,-0.17138789870248414,-0.5589588868130272,0.5103248695386705,-0.5268073052687205
-0.4116302825837048,0.1382451128187558,-0.04211659179157425,-0.1962367810564297,1.0841759052215152,-0.8237601769002322
0.054630184756719664,-0.4925528716285374,-0.13691555019290827,0.17266808786647309,-1.3739621133005209,0.273674348694485
-1.2491722331766877,-0.11980860809150048,2.1210232771843174,-0.19005401789012413,0.13346747297083228,0.46733926497590567
-0.040348799331144,0.2816082911022314,0.4577324615972773,-0.1673838862803369,0.41611052039671104,-0.6430062550375729
-1.7154327005171122,-0.893969770822269,0.552531419998611,-0.18799309683468904,-1.4253517582870443,1.3581978798704408
0.5122561989982467,0.7833794150943962,-0.8866891302761855,0.8424674308829173,-0.6716369651513677,-1.533864869932108
-0.2821134861002537,-1.5391040730979095,0.3198430675589733,-1.2617329667164343,-0.24338992359700615,1.8488156677833731
-1.1714621552866178,-0.39219864683010425,0.48358672297945904,-0.5857508605336849,0.9813966152484682,0.3898732984633374
-0.2216723144079763,-0.4065349646584518,0.8196921209478246,0.6693500622263594,0.45037028372106,-0.9399591266690847
0.06326463785561591,-0.635916049912013,0.6300942041451572,-0.7403199396913258,0.9728316744173812,-0.010367528518265352
-1.629088169528145,-0.10547229026315323,0.8110740338204311,-1.3318042826012317,-0.3290393319078784,1.4873078240580546
1.7210796328437905,1.0557694538329998,-1.5244275777033407,0.5683649305100339,-0.06352616614417407,-1.1723570262067895
-1.326882311066759,-0.005118065464719867,-0.2230964214668482,-0.4765220445956187,0.5445846328630195,0.7642921366074173
-1.2232688738799977,-0.2488354685466286,2.0693147544199535,-0.58781178158912,0.5788443961873685,0.7772031310261788
0.09780245025120338,-0.9083060886506166,0.48358672297945904,-0.03754585978791861,0.8786173252754217,0.5964492091635194
-0.48934036047377477,-0.5785707785986227,0.595621855635581,0.42203953557413393,-0.8771955450974614,0.8288471087012242
0.6331385423828015,1.242141585601518,-1.1797040926075812,1.600886379283075,-0.47464332603636145,-1.6887968029572447
0.8749032291519101,1.1274510429747375,-0.5247294709256379,1.1804584839742915,0.09064276881539608,-1.4822208922570626
0.6158696361850078,0.553998329840835,-1.1021413084610352,0.7682742728872491,-0.012136521157650813,-1.0690690708566983
1.9628443196128988,1.285150539086561,-1.429628619302007,0.8651375624927045,-1.15983859252334,-0.6042732717812888
-0.6879327817483996,-0.22016283288993332,-0.08520702742854422,-0.6084209921434721,0.05638300549104712,0.5835382147447581
-0.15259668961680262,-0.2488354685466286,0.854164469457401,-0.9113763872924483,-1.339702349976172,-0.2685874168934929
1.8764997886239316,1.3281594925716032,-1.5761361004677048,1.9182682218200977,0.5017599287075831,-1.598419842025915
-0.057617705528937725,-0.4638802359718421,-0.17138789870248414,-0.31370928121623687,0.6816236861604154,0.5577162259072354
-0.0662521586278352,0.31028092675892643,1.2936869129544941,-0.47240020248474823,1.2469097810121725,1.2678209189391112
0.13234026264679083,-2.4566284141121537,1.7332093564515878,-0.28691730749557914,-1.1341437700300783,1.5905957794081456
-0.023079893133351494,0.03789088802032242,0.14748132501109348,-0.7135279659706681,-0.8943254267596359,-0.11365548386835639
-0.541147079067156,-1.0373329491057446,0.578385681380793,0.6714109832817945,-0.3119094502457039,0.44151727613838293
0.1150713564489971,-0.06246333677811043,-0.35236772837775804,-0.7629900713011132,0.25337664460605347,-0.9141371378315619
1.9283065072173127,1.1704599964597804,-1.2227945282445511,1.471048352790657,-1.039929420888119,-0.5268073052687205
1.6520040080526168,1.1417873608030853,-1.5071914034485527,0.3148716406915028,-0.6202473201648444,-1.6500638197009605
-0.16123114271569886,0.19559038413214583,0.5094409843616411,-0.8124521766315582,0.5445846328630195,0.4544282705571443
-0.7915462189351608,-1.926184654463294,1.4832848297571621,-1.061823624339219,0.7672730944712873,0.7901141254449401
-0.5066092666715685,0.12390879499040801,0.3112249804315792,-0.528045070981499,0.12490253213974505,-0.03618951735578811
-1.6377226226270412,0.06656352367701796,-0.4040762511421218,-1.3792054668762415,-0.20056521944156994,0.648093186838565
-0.7224705941439871,-0.14848124374819552,-0.033498504664180445,-0.857792439851133,0.3475909937480131,-0.9012261434128005
0.7712897919651489,1.2278052677731703,-1.5933722747224928,0.09229216670449998,0.0735128871532216,-1.1078020541129825
0.9785166663386712,0.4966530585274449,-0.8263625203844276,0.2839578248599746,-1.3568322316383463,-0.6171842662000502
-0.25621012680356253,0.1669177484754508,0.33707924181376125,-0.7629900713011132,1.221214958518911,1.2419989301015883
-0.9037941092208182,-0.7075976390537508,0.49220481010685313,-0.5012530972608413,-1.1769684741855144,0.3253183263695305
1.358432602690127,0.5683346476691827,-0.9383976530405493,1.1783975629188566,-1.416786817455957,-0.5138963108499591
-0.3425546577925299,-0.09113597243480545,0.13024515075630558,-0.33637941282602435,0.24481170377496622,0.5448052314884739
-1.3182478579678627,-0.9799876777923544,0.5439133328712172,-0.8000866502989469,-0.5431628526850591,1.3452868854516795
-0.9296974685175093,-2.5139736854255434,2.138259451439106,-0.8268786240196048,0.1762921771262683,0.7384701477698946
-0.9037941092208182,-0.3635260111734092,0.09577280224672942,-0.8371832292967808,-0.868630604266374,0.5318942370697125
0.13234026264679083,0.05222720584867019,-0.30927729274078813,-1.7604758621317558,2.2747026807426405,0.8934020807950311
1.177109087613296,0.9697515468629141,-1.283121138136309,0.8033099308296481,-0.08065604780634855,-0.47516332759367497
0.5554284644927304,0.8693973220644813,-1.4899552291937648,0.10671861409254622,0.09064276881539608,-0.6817392382938571
-0.7570084065395745,-0.3061807398600189,-0.24895068284903024,-0.4559128340412666,0.3989806387345366,-0.5138963108499591
0.1841469812401708,-1.65379461572469,-0.32651346699557604,-1.6326987566947726,-0.7144616693068039,1.7584387068520435
-0.18713450201238885,-1.4387498482994765,-0.19724216008466616,-1.5090434933686598,0.5788443961873685,0.9837790417263608
-0.6533949693528134,-0.005118065464719867,0.13886323788369936,-0.9031327030707075,2.7457744264524386,1.3581978798704408
-0.3425546577925299,-2.0265388792617265,1.526375265394132,-0.13647007044880874,-0.6973317876446294,0.8675800919575084
-1.8535839500994595,0.26727197327388363,-0.06797085317375628,-1.7439884936882741,0.41611052039671104,1.2936429077766338
1.9283065072173127,0.58267096549753,-1.0590508728240653,1.0629859838144848,-0.10635087029961028,-1.2369119983005963
0.08916799715230712,-1.0229966312773973,-0.13691555019290827,0.2757141406382337,0.03925312382887263,0.028365454738018783
0.06326463785561591,0.1382451128187558,-0.21447833433945407,-0.6661267816956583,-1.4424816399492189,0.40278429288209877
1.3238947902945408,1.7009037561086402,-1.4641009678115828,1.1639711155308103,-0.9542800125772464,-0.4880743220124364
-0.3339202046936337,-0.16281756157654328,-0.300659205613394,0.2180083510860478,0.9728316744173812,0.7126481589323719
-0.6361260631550196,-2.485301049768849,0.5180590714890352,-0.7052842817489271,-1.4424816399492189,0.6997371645136105
0.9785166663386712,1.213468949944823,-1.291739225263703,0.18091177208821405,-1.15983859252334,-0.7979381880627094
1.634735101854823,1.5001953065117744,-1.153849831225399,0.2221301931969183,-0.4403835627120125,-1.3143779648131646
0.9526133070419812,0.9410789112062191,-1.317593486645885,1.2072504576949497,-0.6716369651513677,-0.7333832159689025
-0.26484457990246,0.09523615933371299,-0.033498504664180445,-0.614603755309778,-1.2454880008342124,-0.6042732717812888
-0.14396223651790513,-2.083884150575117,1.9917519702734074,-1.061823624339219,0.9385719110930322,0.4286062817196215
-0.10078997102342142,-1.06600558476244,-0.2661868571038182,-0.9319855978468005,-0.8343708409420252,0.37696230404457604
1.3411636964923346,0.5253256941841399,-1.0935232213336412,1.9471211165961908,-0.16630545611722097,-1.2498229927193578
1.6261006487559269,0.9840878646912619,-1.5502818390855226,2.0831419062549146,-0.34616921357005287,-0.6817392382938571
0.5813318237894204,1.1274510429747375,-1.0504327856966713,0.8342237466611763,0.4589352245521471,-1.159446031788028
-1.836315043901667,-1.06600558476244,-0.033498504664180445,-0.8248177029641696,-1.1341437700300783,0.9837790417263608
1.8764997886239316,0.855061004236134,-1.5502818390855226,1.7080542741657063,0.22768182211279175,-0.7204722215501412
-0.5325126259682584,-1.6968035692097325,0.06130045373715358,-0.8763407293500498,0.37328581624127466,1.4873078240580546
1.1080334628221222,1.012760500347957,-1.6795531459964326,1.9739130903168483,-0.5602927343472337,-0.9012261434128005
-2.043541918275188,-0.9083060886506166,0.4577324615972773,-0.936107439957671,0.43324040205888553,0.40278429288209877
-0.07488661172673144,-0.5785707785986227,0.7852197724382487,-0.5733853342010737,2.548780787337432,1.500218818476816
-1.9571973872862207,0.22426301978884086,0.36293350319594325,-0.732076255469585,-1.1855334150166017,1.7971716901083277
1.4188737743824045,0.48231674069909714,-0.5592018194352137,2.111994801031008,0.2191168812817045,-1.3143779648131646
0.443180574207073,1.4858589886834266,-0.8005082590022455,1.5864599318950288,-0.09778592946852303,-0.9657811155066074
0.5813318237894204,1.2278052677731703,-1.240030702499339,1.6173737477265568,0.5188898103697576,-1.6113308364446763
1.8160586169316553,0.9554152290345669,-0.8349806075118216,0.49211085145893096,-0.3804289768944018,-0.6300952606188115
-1.8449494970005633,-1.06600558476244,2.1296413643117114,-1.6306378356393374,-0.06352616614417407,1.5518627961518614
-0.6188571569572259,-0.8796334529939215,0.0009738438453957008,0.23449571952952944,-0.6202473201648444,0.041276449156780165
-1.2923444986711714,-0.11980860809150048,0.4232601130877012,-0.7052842817489271,-0.568857675178321,1.0999779914952132
-0.18713450201238885,-0.7792792281954887,0.759365511056067,-0.062276912453140924,-0.05496122531308702,0.028365454738018783
1.2116469000088834,1.3855047638849938,-0.8435986946392156,0.09435308775993508,-0.2776496869213549,-0.6300952606188115
-0.031714346232247746,-0.5498981429419274,1.0351442991326743,-1.199905335053378,2.728644544790264,1.7197057235957594
0.054630184756719664,-1.926184654463294,2.1641137128212873,-0.7650509923565484,-0.15774051528613373,0.8934020807950311
-0.15259668961680262,0.2099267019604936,-0.24895068284903024,-0.7732946765782892,0.2790714670993152,0.8417581031199857
-1.8104116846049758,-0.2488354685466286,0.026828105227577736,-0.9443511241794118,0.4589352245521471,1.6809727403394752
-0.3080168453969437,-0.7075976390537508,0.22504410915763928,-1.7213183620784867,1.7950659942017555,1.3840198687079635
0.5036217458993505,1.2994868569149083,-1.6881712331238268,0.7991880887187773,-0.9628449534083339,-0.8366711713189936
0.443180574207073,1.3568321282282987,-0.8435986946392156,1.8770498007113934,-0.7829811959555018,-0.8108491824814709
1.8160586169316553,1.371168446056646,-0.7487997362378814,0.7497259833883327,-0.6373772018270188,-1.6887968029572447
-0.42889918878149735,-0.033790701121415405,0.20780793490285138,-0.18181033366838345,2.0862739824587213,1.6809727403394752
1.4965838522724757,1.342495810399951,-1.6623169717416446,0.3354808512458549,-0.4917732076985358,-0.6042732717812888
1.125302369019916,1.012760500347957,-1.0935232213336412,1.969791248205978,-0.6116823793337571,-1.4047549257444942
1.0303233849320512,0.8693973220644813,-1.1193774827158232,0.45707519351653225,-0.75728637346224,-1.598419842025915
-0.14396223651790513,-2.1842383753735497,0.8886368179669769,-1.6739171778034767,1.0841759052215152,1.1128889859139746
-1.7586049660115959,0.22426301978884086,1.6815008336872237,-0.507435860427147,-0.9628449534083339,1.6551507515019526
-1.914025121791737,0.31028092675892643,0.6214761170177631,-1.2225754666631654,-0.5774226160094081,0.9966900361451222
0.693579714075079,1.0701057716613476,-1.533045664830735,1.6771404583341782,-0.2776496869213549,-0.5009853164311977
-1.534109185440281,-0.3491896933450617,1.2247422159353425,-1.558505598699105,-0.868630604266374,1.8617266622021347
1.7297140859426878,0.4966530585274449,-0.6453826907091537,0.5724867726209043,0.5788443961873685,-0.6171842662000502
1.5138527584702695,1.64355848479525,-1.6881712331238268,1.5782162476732877,-0.9628449534083339,-1.6113308364446763
1.9714787727117964,1.1274510429747375,-1.6967893202512205,0.3952475618534759,-0.6973317876446294,-0.6042732717812888
-0.24757567370466627,-1.8688393831499035,1.7332093564515878,-1.1257121770577105,0.25337664460605347,1.1516219691702587
-0.14396223651790513,0.26727197327388363,0.24228028341242752,-0.25394257060861586,-0.8172409592798507,-0.11365548386835639
-0.2130378613090788,0.3246172445872737,1.80215405347074,-1.616211388251291,2.831423834763311,0.7642921366074173
1.2202813531077796,1.0557694538329998,-1.5502818390855226,1.0629859838144848,-0.534597911853972,-0.6171842662000502
-1.5254747323413838,-0.7936155460238362,0.9661996021135226,-0.596055465810861,-1.0570593025502932,0.9450460584700767
0.9353444008441875,0.5970072833258777,-1.1797040926075812,0.09229216670449998,-0.30334450941461666,-1.598419842025915
-0.0835210648256277,-0.635916049912013,1.4401943941201922,-0.8062694134652526,1.6494620000732727,1.022512024982645
1.7038107266459968,1.6578948026235973,-0.9125433916583675,0.424100456629569,-0.7315915509689784,-1.0690690708566983
0.08916799715230712,0.08089984150536521,0.09577280224672942,-0.6640658606402229,0.3647208754101876,-0.7850271936439481
0.5726973706905242,1.6292221669669023,-0.5764379936900017,0.35196821968933656,0.4760651062143216,-0.9012261434128005
-0.670663875550607,-0.5068891894568849,-0.35236772837775804,-0.3631713865466821,0.35615593457910016,-0.8624931601565163
1.7383485390415843,1.4858589886834266,-1.265884963881521,1.0588641417036146,0.12490253213974505,-0.9270481322503232
-0.29938239229804625,-0.5785707785986227,1.7332093564515878,-1.7460494147437091,1.81219587586393,1.810082684527089
1.3152603371956433,1.1131147251463898,-1.257266876754127,0.9413916415438071,-1.0741891842124678,-1.5467758643508693
1.1943779938110897,1.6292221669669023,-1.5933722747224928,1.442195458014564,0.12490253213974505,-0.43643034433739086
0.7971931512618389,0.7833794150943962,-0.7229454748556997,0.6858374306698407,-0.1920002786104827,-1.637152825282199
0.8749032291519101,0.7977157329227434,-1.3951562707924308,0.8301019045503055,-1.1769684741855144,-1.0432470820191757
-1.2837100455722752,-0.5642344607702752,1.4574305683749804,-0.3796587549901637,0.20198699961953004,1.7584387068520435
1.3152603371956433,1.4715226708550788,-1.3951562707924308,1.3638804579080255,-0.6630720243202805,-0.7592052048064253
-0.07488661172673144,-0.9369787243073118,0.04406427948236566,0.3066279564697619,0.7844029761334619,0.24785235985696222
-1.5686469978358675,0.29594460893057867,0.13886323788369936,-1.5894194145306333,-0.5859875568404954,0.5189832426509512
1.7987897107338615,1.6578948026235973,-1.0245785243144894,1.969791248205978,-0.4146887402187508,-1.6629748141197218
0.03736127855892594,0.26727197327388363,2.1727317999486813,-0.2209678337216523,1.7693711717084937,1.3194648966141567
1.5915628363603394,0.883733639892829,-0.5936741679447899,0.4694407198491437,-0.4917732076985358,-1.4176659201632555
-0.7052016879461933,-0.2488354685466286,1.1730336931709784,-0.20448046527817068,1.9663648108235003,1.8488156677833731
1.7901552576349642,0.6686888724676155,-1.162467918352793,1.1722147997525512,0.30476628959257673,-1.4951318866758239
0.9612477601408774,1.0701057716613476,-1.0762870470788533,1.4050988790167298,-1.1427087108611658,-1.0045140987628915
-0.1353277834190089,-0.8222881816805312,0.2853707190493975,-0.917559150458754,0.5103248695386705,-0.7592052048064253
-0.4807059073748785,-0.6215797320836652,0.3801696774507312,0.2118255879197422,-0.20056521944156994,-0.7850271936439481
-0.014445440034454018,-1.5677767087546046,0.5180590714890352,-0.6228474395315187,0.5188898103697576,0.6222711980010422
-0.04898325243004147,-0.5355618251135799,0.49220481010685313,0.4488315092947916,-1.339702349976172,-0.8883151489940391
-0.27347903300135623,0.06656352367701796,-0.2834230313586061,-0.8062694134652526,-0.6373772018270188,-0.08783349503083362
-2.2507687926487105,-0.5355618251135799,-0.04211659179157425,-1.6533079672491247,-0.16630545611722097,1.4098418575454863
-0.6792983286495033,0.09523615933371299,0.25089837053982134,-1.65536888830456,2.386046911546775,0.9708680473075995
-1.5513780916380737,-0.6072434142553177,0.8283102080752187,-1.2163927034968598,0.7330133311469385,0.44151727613838293
0.08916799715230712,-0.7362702747104458,-0.04211659179157425,-0.614603755309778,-0.388993917725489,-0.7850271936439481
-1.8794873093961508,-0.8366244995088787,1.6642646594324362,-0.7114670449152328,0.8100977986267238,1.642239757083191
-0.8606218437263344,-0.5929070964269703,0.6473303783999448,0.3766992723545592,0.7330133311469385,-0.32023139456853844
1.6174661956570293,1.64355848479525,-1.455482880684189,1.635922037225474,0.28763640793040224,-1.2369119983005963
0.03736127855892594,-1.5534403909262569,1.569465701031102,-0.36523230760211717,-1.0741891842124678,1.2161769412640657
-0.3943613763859111,-1.3097229878443484,1.0092900377504925,-0.31783112332710733,-0.7058967284757167,1.087066997076452
-1.9744662934840145,0.06656352367701796,1.84524448910771,-1.537896388144753,0.4246754612277981,1.0096010305638836
-1.732701606714906,0.08089984150536521,1.84524448910771,-0.4888875709282299,0.01355830133561091,1.2032659468453042
1.0562267442287412,0.611343601154225,-1.1107593955884292,1.949182037651626,-0.12348075196178476,-0.6946502327126184
0.6676763547783878,1.213468949944823,-1.283121138136309,0.2200692721414829,-1.014234598394857,-0.4622523331749136
0.5813318237894204,0.7977157329227434,-1.1279955698432174,1.291748220967793,-0.4146887402187508,-1.2885559759756418
-1.7758738722093896,-0.17715387940489105,1.422958219865404,-1.5007998091469192,-0.9285851900839849,1.3194648966141567
-0.6102227038583297,-0.019454383293067635,-0.16276981157509032,0.5374511146785057,-1.4424816399492189,-0.8108491824814709
1.4879493991735782,1.4715226708550788,-1.283121138136309,1.5885208529504637,0.04781806465995987,-0.4622523331749136
0.06326463785561591,0.12390879499040801,0.46635054872467113,0.3354808512458549,0.02212324216669815,-0.9399591266690847
1.5656594770636494,1.2994868569149083,-0.5419656451804258,1.3226620367993214,-0.9628449534083339,-0.6171842662000502
0.7453864326684589,1.672231120451945,-1.6881712331238268,0.20358190369800125,0.13346747297083228,-1.2627339871381191
-0.4634370011770848,0.15258143064710303,0.3715515903233374,0.3148716406915028,1.0927408460526025,0.6739151756760877
0.9094410415474975,0.5396620120124872,-1.5588999262129168,0.9558180889318539,-0.388993917725489,-1.5080428810945854
-0.6792983286495033,-0.9943239956207022,0.5611495071260051,-0.5156795446488875,-1.0056696575637698,0.24785235985696222
-0.2821134861002537,-0.9943239956207022,-0.41269433826951596,0.2427394037512704,-0.12348075196178476,-0.38478636666234534
0.054630184756719664,-0.019454383293067635,-0.41269433826951596,-0.2209678337216523,0.5531495736941066,-0.6171842662000502
1.5915628363603394,0.912406275549524,-1.283121138136309,1.3906724316286836,0.6216691003428044,-1.0303360876004142
-1.1973655145833078,-0.893969770822269,1.7418274435789818,-1.5894194145306333,0.8700523844443343,0.6739151756760877
0.054630184756719664,-0.19149019723323832,-0.33513155412297013,0.5415729567893761,0.8957472069375962,-0.15238846712464052
-0.023079893133351494,0.22426301978884086,0.8627825565847945,-0.7835992818554652,2.4973911423509088,0.5189832426509512
1.9024031479206227,1.0987784073180424,-1.438246706429401,1.8358313796026893,-1.194098355847689,-0.8108491824814709
1.280722524800057,1.6578948026235973,-1.0590508728240653,0.7146903254459338,0.21055194045061726,-0.578451282943766
-0.3943613763859111,-0.09113597243480545,0.7766016853108546,-0.6455175711413061,2.0091895149789365,0.8417581031199857
0.08916799715230712,-1.3814045769860863,1.474666742629768,-1.4410330985392978,0.39041569790344915,1.6809727403394752
0.02009237236113221,-0.3491896933450617,0.6990389011643088,-0.9443511241794118,0.8614874436132473,-0.3460533834060612
-0.25621012680356253,-0.7075976390537508,0.24228028341242752,0.5456947989002466,-1.0656242433813805,0.4544282705571443
-0.44616809497929105,-0.13414492591984825,0.8455463823300069,-0.1405919125596792,-1.2883127049896486,-0.47516332759367497
-0.44616809497929105,-0.11980860809150048,0.3112249804315792,-0.31783112332710733,0.9899615560795556,0.4931612538134284
1.9973821320084864,1.3281594925716032,-0.5333475580530317,0.48386716723719025,-1.3653971724694336,-1.637152825282199
-0.031714346232247746,-0.6215797320836652,-0.369603902632546,-0.25806441271948605,2.540215846506345,0.3640513096258146
-0.8519873906274381,-0.09113597243480545,0.26813454479460924,0.46531887773827324,0.7672730944712873,-0.41060835549986807
-0.8088151251329544,-0.7792792281954887,-0.2834230313586061,0.30044519330345626,-0.5517277935161464,-0.12656647828711776
1.3411636964923346,0.9984241825196096,-0.7660359104926695,1.9162073007646627,-0.4146887402187508,-1.5725978531883922
-0.4720714542759811,-0.4065349646584518,1.4057220456106163,-0.5610198078684623,2.1633584499385066,0.6997371645136105
1.5138527584702695,0.8407246864077862,-0.6453826907091537,1.291748220967793,0.11633759130865781,-0.5268073052687205
-0.36845801708922116,-0.2631717863749761,-0.3782219897599401,0.18091177208821405,0.9557017927552067,0.6739151756760877
-0.748373953440677,-1.7254762048664278,1.2592145644449182,-1.3235605983794907,-0.6459421426581061,1.7842606956895664
-0.3080168453969437,-0.4495439181434946,0.22504410915763928,-0.857792439851133,0.08207782798430883,-0.32023139456853844
-1.1196554366932365,-0.2775081042033239,1.474666742629768,-0.5836899394782498,0.03925312382887263,1.0354230194014062
-0.37709247018811737,-0.20582651506158609,1.836626401980316,-1.7563540200208854,2.565910668999607,1.6551507515019526
-1.45639910755021,0.12390879499040801,0.03544619235497155,-1.4760687564816966,0.8614874436132473,0.9450460584700767
-0.25621012680356253,-2.3992831427987635,0.595621855635581,-0.36523230760211717,0.12490253213974505,1.2161769412640657
-0.18713450201238885,-0.2775081042033239,0.6042399427629751,-0.6949796764717511,0.5103248695386705,0.7255591533511332
-0.9296974685175093,-1.6681309335530377,1.466048655502374,-1.2452455982729527,-1.1084489475368167,0.4286062817196215
1.5397561177669594,0.9410789112062191,-1.3003573123910972,1.3597586157971553,-0.8771955450974614,-1.6113308364446763
1.2375502593055734,1.5575405778251645,-1.6967893202512205,0.607522430563303,-1.3140075274829104,-0.4622523331749136
-0.670663875550607,0.25293565544553587,0.11300897650151764,-0.6517003343076118,1.3925137751406553,1.4098418575454863
-0.35982356399032367,-2.112556786231812,1.6815008336872237,-0.30958743910536635,-1.2283581191720379,1.6809727403394752
0.5726973706905242,1.1131147251463898,-0.5419656451804258,0.30250611435889135,0.5103248695386705,-1.1465350373692667
-0.8519873906274381,-0.3205170576883664,0.8886368179669769,-1.5667492829208458,1.5381177692691388,1.2807319133578725
-2.017638558978498,-0.2775081042033239,-0.4040762511421218,-0.9196200715141893,-0.0035715803265635726,1.1516219691702587
-0.0662521586278352,-0.5498981429419274,0.6214761170177631,-0.8825234925163554,0.5874093370184555,0.751381142188656
0.08053354405340964,-0.4495439181434946,0.9575815149861285,-0.4002679655445158,1.6152022367489236,1.8359046733646118
-2.1557898085608453,-0.7219339568820984,0.19918984777545756,-0.36935414971298763,-1.2883127049896486,1.1387109747514974
1.8937686948217252,0.58267096549753,-1.4641009678115828,0.48386716723719025,0.6816236861604154,-1.6887968029572447
0.02872682546002969,-1.9835299257766839,0.18195367352066932,-1.0597627032837837,-0.6373772018270188,1.2161769412640657
0.4000083087125893,1.3281594925716032,-1.498573316321159,1.3391494052428032,-0.8857604859285485,-1.0045140987628915
1.9628443196128988,1.7439127095936828,-1.412392445047219,0.502415456736107,-0.5859875568404954,-1.6758858085384831
-0.23894122060577003,0.1382451128187558,0.22504410915763928,-0.9484729662902822,0.10777265047757056,-0.3976973610811067
-1.3096134048689652,-0.893969770822269,0.552531419998611,-1.527591782867577,-0.7144616693068039,1.4873078240580546
-0.18713450201238885,0.18125406630379806,0.6904208140369147,0.4076130881860874,0.9471368519241192,-0.849582165737755
-0.3943613763859111,0.29594460893057867,0.8800187308395827,-1.3689008615990654,2.831423834763311,1.0096010305638836
0.04599573165782341,-1.06600558476244,0.34569732894115535,0.5745476936763394,0.8529225027821598,-0.5138963108499591
1.7728863514371715,0.7690430972660484,-1.145231744098005,1.1887021681960326,-0.47464332603636145,-1.3789329369069716
0.4604494804048667,1.0844420894896947,-0.9383976530405493,0.35196821968933656,-1.0913190658746423,-0.5655402885250046
-0.45480254807818854,-0.7649429103671409,-0.20586024721206028,-0.18593217577925364,0.06494794632213435,0.3640513096258146
0.02872682546002969,-0.33485337551671396,-0.11106128881072624,-0.00044928079008456134,-0.9885397759015954,-0.19112145038092465
-0.4720714542759811,-0.5785707785986227,0.4404962873424891,0.248922166917576,-0.15774051528613373,-0.13947747270587915
-0.6879327817483996,-0.2631717863749761,-0.11106128881072624,0.06756111403927738,0.638798982004979,0.7384701477698946
-0.5238781728693622,-1.0803419025907874,0.13886323788369936,-0.5939945447554259,0.9471368519241192,0.015454460319257405
-0.0662521586278352,-0.5642344607702752,-0.06797085317375628,0.4467705882393562,0.9043121477686833,-0.9270481322503232
-0.057617705528937725,-1.0803419025907874,-0.25756876997642403,-0.4785829656510538,2.7457744264524386,0.7126481589323719
-0.5756848914627422,-0.06246333677811043,0.018210018100183623,-0.04372862295422419,0.27050652626822774,-0.38478636666234534
-0.27347903300135623,-1.65379461572469,0.5180590714890352,-0.7588682291902427,-0.6887668468135422,1.500218818476816
-0.5584159852649485,-1.324059305672696,0.664566552654733,-1.7068919146904404,-0.0035715803265635726,1.4485748408017705
0.693579714075079,1.1131147251463898,-1.153849831225399,0.607522430563303,0.18485711795735554,-1.1723570262067895
-0.6620294224517096,-1.7398125226947754,-0.3782219897599401,-0.5939945447554259,-1.1769684741855144,1.874637656620896
-1.9571973872862207,-0.07679965460645768,1.5953199624132839,-0.9422902031239765,0.7758380353023748,0.41569528730086014
1.0389578380309485,1.285150539086561,-1.0331966114418834,1.9162073007646627,-0.9885397759015954,-0.7721161992251867
-0.8692562968252319,-1.7398125226947754,0.9403453407313409,-0.4270599392651735,-0.07209110697526132,0.40278429288209877
-0.5238781728693622,-0.7075976390537508,1.0954709090244326,-0.9319855978468005,2.557345728168519,1.2549099245203497
-0.8519873906274381,-0.6502523677403605,0.3715515903233374,0.1912163773653901,-1.3996569357937825,-0.08783349503083362
-0.6792983286495033,-1.4100772126427812,1.9831338831460135,-0.596055465810861,-0.30334450941461666,1.2678209189391112
0.16687807504237706,-1.9691936079483363,0.595621855635581,-0.44354730770865514,0.3818507570723621,1.4614858352205318
1.9369409603162089,1.342495810399951,-1.1883221797349752,1.5287541423428426,0.5959742778495429,-1.430576914582017
-0.670663875550607,0.23859933761718863,0.009591930972789509,0.0881703245936295,-0.8001110776176763,0.0025434659004960267
-0.7311050472428833,-0.4782165538001896,0.20780793490285138,-0.10967809672815103,-0.14917557445504648,0.6093602035822808
-1.300978951770069,0.33895356241562147,-0.3868400768873339,-1.6533079672491247,-0.6887668468135422,0.8934020807950311
0.14097471574568707,-0.5068891894568849,-0.30927729274078813,0.5477557199556817,-0.046396284481999776,-0.8754041545752778
-1.1196554366932365,-0.8509608173372265,1.9917519702734074,-1.5069825723132246,-0.3376042727389656,0.648093186838565
1.177109087613296,1.5432042599968168,-1.6364627103594627,0.6672891411709243,-0.388993917725489,-0.4622523331749136
-0.20440340821018257,0.05222720584867019,0.49220481010685313,0.2860187459154097,0.3133312304236642,0.5318942370697125
-1.534109185440281,-0.3061807398600189,1.655646572305042,-1.6636125725263007,-0.7144616693068039,1.2807319133578725
-0.014445440034454018,-0.06246333677811043,0.7679835981834611,0.26747045641649303,-0.9885397759015954,-0.7850271936439481
1.7297140859426878,0.7547067794377006,-1.412392445047219,1.0547422995927438,-0.9799748350705081,-1.2110900094630737
1.125302369019916,0.5253256941841399,-1.334829660900673,1.1495446681427635,-0.4146887402187508,-0.7204722215501412
-1.862218403198357,-0.43520760031514705,0.9403453407313409,-0.6249083605869541,-0.14061063362395923,1.9004596454584186
1.2030124469099859,0.9410789112062191,-0.6626188649639415,1.621495589837427,0.09064276881539608,-1.327288959231926
0.47771838660266047,1.4715226708550788,-0.6970912134735178,0.28189690380453925,-0.4403835627120125,-1.391843931325733
-0.8778907499241281,-0.005118065464719867,0.4749686358520652,-0.7341371765250202,1.5295528284380513,1.3840198687079635
-1.9571973872862207,-0.9369787243073118,-0.35236772837775804,-0.614603755309778,-1.082754125043555,1.0741560026576904
0.12370580954789334,-1.0803419025907874,0.1560994121384876,0.240678482695835,1.1013057868836895,0.2994963375320077
-0.5325126259682584,-0.06246333677811043,-0.231714508594242,-0.8701579661837441,1.0156563785728172,0.05418744357554154
-0.3339202046936337,-0.4782165538001896,0.32846115468636744,-0.7897820450217709,0.09064276881539608,-0.32023139456853844
-0.31665129849583995,-0.6645886855687081,0.6731846397821271,0.3663946670773831,-0.3119094502457039,0.8030251198637015
-2.138520902363053,-0.7649429103671409,1.6815008336872237,-1.634759677750208,1.0070914377417302,1.603506773826907
-0.040348799331144,-0.17715387940489105,0.2164260220302455,-0.8474878345739569,2.180488331600681,0.9450460584700767
-1.154193249088824,0.05222720584867019,0.9403453407313409,-0.422938097154303,0.9899615560795556,1.4614858352205318
-0.5497815321660522,-0.3061807398600189,-0.41269433826951596,-0.9546557294565878,-0.029266402819825295,0.28658534311324635
-0.10942442412231891,-0.033790701121415405,-0.17138789870248414,-0.868097045128309,-0.6373772018270188,-0.43643034433739086
1.7297140859426878,1.041433136004652,-0.6970912134735178,0.790944404497037,-0.06352616614417407,-1.5080428810945854
1.8505964293272417,0.9697515468629141,-0.6884731263461236,2.027497037758164,-0.9714098942394209,-0.578451282943766
-1.3527856703634489,-0.7506065925387934,1.3453954357188582,-0.34668401810320043,0.6131041595117174,0.7772031310261788
1.280722524800057,0.9267425933778718,-0.5592018194352137,1.0114629574286045,-0.2176951011037444,-1.2627339871381191
-1.6808948881215249,-1.0373329491057446,1.0092900377504925,-1.5914803355860683,0.8443575619510727,1.2936429077766338
-0.07488661172673144,0.06656352367701796,2.0520785801651655,-0.22921151794339328,1.5895074142556618,1.022512024982645
0.37410494941589933,1.371168446056646,-1.472719054938977,0.7806397992198609,0.5188898103697576,-1.2756449815568804
-0.04898325243004147,-0.7506065925387934,0.2853707190493975,-0.41881625504343284,-0.5517277935161464,-0.2944094057310157
-0.8519873906274381,-1.2380413987026107,1.9055710989994676,-1.4513377038164739,1.0756109643904281,1.6164177682456684
-0.44616809497929105,-1.883175700978251,1.4832848297571621,-0.956716650512023,-0.7487214326311529,0.5060722482321898
-0.040348799331144,-0.5785707785986227,0.7852197724382487,-1.296768624658833,1.6580269409043598,0.8675800919575084
1.7124451797448943,1.6148858491385545,-1.1797040926075812,0.8404065098274816,-0.17487039694830822,-0.7592052048064253
1.5224872115691657,1.7439127095936828,-0.5333475580530317,0.9887928258188172,-0.43181862188092524,-0.6430062550375729
0.7799242450640465,1.371168446056646,-1.257266876754127,0.46531887773827324,0.3989806387345366,-1.0174250931816529
1.6779073673493068,0.9554152290345669,-1.5071914034485527,2.1202384852527487,-0.6630720243202805,-0.44934133875615223
0.0028234661633397095,-0.4782165538001896,0.03544619235497155,-0.703223360693492,-1.2540529416652997,0.041276449156780165
-0.3080168453969437,-0.43520760031514705,2.0865509286747415,-1.4059974405968991,1.6408970592421852,0.5448052314884739
1.5483905708658556,1.0987784073180424,-1.4813371420663708,1.9821567745385893,-1.3140075274829104,-0.9786921099253688
-0.1353277834190089,-0.8366244995088787,0.7766016853108546,0.5209637462350241,-1.2112282375098635,-0.6171842662000502
-0.5325126259682584,0.09523615933371299,-0.05073467891896837,0.10877953514798162,-0.11491581113069751,-0.21694343921844741
1.6433695549537206,0.912406275549524,-1.6795531459964326,0.3725774302436887,-0.8429357817731125,-1.391843931325733
-0.3339202046936337,-0.4925528716285374,0.19057176064806344,-0.7856602029109006,0.20198699961953004,0.15747539892563256
0.5986007299872141,0.6686888724676155,-0.5419656451804258,1.2154941419166905,-0.2776496869213549,-0.8366711713189936
-0.5497815321660522,-0.5785707785986227,0.3112249804315792,-0.8701579661837441,1.9749297516545874,0.4544282705571443
0.5467940113938341,0.7116978259526584,-1.1107593955884292,0.37051650918825363,-0.012136521157650813,-1.120713048531744
0.1150713564489971,-0.7649429103671409,0.48358672297945904,0.3354808512458549,-0.9285851900839849,0.8675800919575084
-2.242134339549813,-0.06246333677811043,0.8714006437121886,-1.558505598699105,-0.8600656634352869,0.6997371645136105
-1.5254747323413838,-0.09113597243480545,1.2678326515723124,-0.7114670449152328,0.09920770964648332,1.7713497012708048
0.9871511194375675,1.5288679421684694,-0.6884731263461236,0.8465892729937875,-0.8857604859285485,-1.430576914582017
1.4016048681846107,0.9840878646912619,-0.7401816491104877,0.9990974310959932,-1.3225724683139977,-1.0045140987628915
-0.014445440034454018,-0.37786232900175676,0.3198430675589733,0.5580603252328578,0.6559288636671534,-0.6042732717812888
-1.5600125447369713,-0.7792792281954887,1.336777348591464,-1.1669305981664146,0.5188898103697576,0.6610041812573263
-0.10078997102342142,-0.16281756157654328,0.2853707190493975,0.5827913778980803,-1.3653971724694336,-0.6946502327126184
-1.6895293412204222,0.3246172445872737,1.3540135228462522,-0.5156795446488875,-0.9542800125772464,0.3640513096258146
-0.7224705941439871,-0.2631717863749761,0.026828105227577736,-0.7176498080815384,0.8700523844443343,0.10583142125058706
-0.32528575159473744,-2.528310003253891,-0.395458164014728,-0.7671119134119835,-1.0998840067057296,1.3840198687079635
0.1841469812401708,-0.20582651506158609,0.7421293368012788,0.6775937464481003,-0.17487039694830822,-0.049100511774549487
1.0303233849320512,0.553998329840835,-1.429628619302007,1.3700632210743315,-1.416786817455957,-1.0819800652754599
0.16687807504237706,-1.06600558476244,0.759365511056067,0.1912163773653901,0.8100977986267238,-0.6817392382938571
1.479314946074682,1.715240073936988,-0.9383976530405493,0.07374387720558295,-0.132045692792872,-0.8754041545752778
1.5656594770636494,0.6400162368109206,-1.6192265361046747,1.124813615477541,-0.6459421426581061,-1.391843931325733
0.6417729954816979,0.7403704616093534,-0.7746539976200635,1.8440750638244303,-0.8001110776176763,-1.0432470820191757
-0.4202647356826011,-0.6215797320836652,2.0951690158021354,-0.6187255974206481,2.728644544790264,0.5318942370697125
-2.2248654333520204,0.15258143064710303,1.336777348591464,-0.3755369128792932,-0.20913016027265718,0.9063130752137926
1.9455754134151064,0.5396620120124872,-0.9297795659131555,1.3721241421297665,-0.20056521944156994,-1.1852680206255508
0.5295251051960405,1.342495810399951,-1.3003573123910972,1.6173737477265568,-0.457513444374187,-1.0045140987628915
1.660638461151513,1.1274510429747375,-1.326211573773279,1.3206011157438862,0.35615593457910016,-0.4235193499186295
0.9094410415474975,1.1704599964597804,-0.7143273877283056,0.5580603252328578,0.2790714670993152,-1.1465350373692667
-2.233499886450917,-0.019454383293067635,0.4577324615972773,-1.1360167823348866,-0.1920002786104827,1.5389518017331
0.48635283970155674,1.342495810399951,-1.0762870470788533,1.7080542741657063,-0.6031174385026699,-1.1078020541129825
1.8246930700305515,1.7439127095936828,-0.6367646035817598,0.5395120357339408,0.3818507570723621,-1.120713048531744
-0.29074793919915,-0.9226424064789643,0.5266771586164289,0.5147809830687184,0.9471368519241192,-0.6042732717812888
-0.15259668961680262,-1.7111398870380803,-0.14553363732030208,-1.4843124407034372,0.22768182211279175,0.9966900361451222
-0.7397395003417807,-0.8079518638521836,0.8110740338204311,-0.18181033366838345,0.8015328577956363,0.6739151756760877
-0.10078997102342142,0.25293565544553587,0.33707924181376125,-0.820695860853299,-0.06352616614417407,-0.8237601769002322
-0.4807059073748785,-0.19149019723323832,1.5091390911393439,-1.4266066511512514,2.660125018141566,1.4485748408017705
-1.43049574825352,0.2099267019604936,1.1557975189161906,-0.614603755309778,-1.0056696575637698,1.0096010305638836
1.608831742558133,1.041433136004652,-1.274503051008915,1.0897779575351427,-1.0313644800570316,-1.36602194248821
1.1166679159210187,1.4715226708550788,-0.8522167817666094,0.5745476936763394,-0.500338148529623,-0.9916031043441301
1.3497981495912308,0.9267425933778718,-0.9125433916583675,0.4818062461817549,-0.9799748350705081,-0.43643034433739086
-0.8001806720340582,-0.4495439181434946,0.6214761170177631,-0.9484729662902822,-1.0656242433813805,0.05418744357554154
-0.4202647356826011,-0.9513150421356593,1.750445530706376,-1.1318949402240162,1.6922867042287086,1.6680617459207139
-0.1957689551112863,0.03789088802032242,-0.0765889403011504,0.6631672990600535,-1.3996569357937825,0.5835382147447581
1.358432602690127,1.729576391765335,-1.6967893202512205,1.0341330890383917,-0.47464332603636145,-0.6171842662000502
1.686541820448204,1.4715226708550788,-0.6453826907091537,1.122752694422106,-0.046396284481999776,-0.44934133875615223
-2.311209964340988,-0.17715387940489105,0.16471749926588142,-0.5362887552032397,-1.2112282375098635,0.6093602035822808
-1.1369243428910303,-0.048127018949762665,0.6387122912725512,-0.7753555976337244,0.1762921771262683,1.16453296358902
-0.4807059073748785,-0.9656513599640069,0.595621855635581,-0.25806441271948605,-1.1855334150166017,0.5318942370697125
1.9628443196128988,1.012760500347957,-1.0676689599514593,1.7554554584407158,-0.2605198052591806,-0.6817392382938571
-0.6274916100561234,-1.8975120188065986,1.1730336931709784,-0.9917523084544217,-0.423253681049838,0.41569528730086014
-0.15259668961680262,-0.06246333677811043,-0.09382511455593832,-1.7068919146904404,2.608735373155043,0.7255591533511332
-0.7656428596384708,-1.8401667474932082,1.612556136668072,-1.2163927034968598,0.9043121477686833,1.4614858352205318
1.8678653355250352,1.772585345250378,-1.6106084489772805,0.6260707200622198,-0.2519548644280934,-1.2756449815568804
-0.5843193445616397,-1.0373329491057446,-0.4040762511421218,-0.344623097047765,-0.9799748350705081,0.5189832426509512
0.8749032291519101,1.5718768956535123,-0.7401816491104877,1.1165699312558002,-1.4424816399492189,-1.2369119983005963
-0.5929537976605359,0.23859933761718863,0.6128580298903689,-1.0638845453946542,2.514521024013083,1.564773790570623
-0.040348799331144,-0.8509608173372265,0.10439088937412354,0.33341993019041954,-1.0313644800570316,0.028365454738018783
-0.7829117658362644,-1.7111398870380803,-0.05935276604636218,-1.2266973087740358,-0.825805900110938,0.7255591533511332
-0.09215551792452518,-0.3205170576883664,0.8283102080752187,0.570425851565469,-1.1684035333544271,-0.6300952606188115
-0.1266933303201114,-0.2344991507182811,-0.4040762511421218,-0.4806438867064892,2.480261260688734,0.6351821924198036
-0.0662521586278352,-0.33485337551671396,0.802455946693037,-0.946412045234847,-0.26908474609026783,-0.6042732717812888
-1.205999967682204,-0.6502523677403605,1.1471794317887967,-0.6805532290837046,-1.0570593025502932,1.7842606956895664
1.2979914309978509,1.772585345250378,-1.1366136569706113,1.5040230896776203,0.2191168812817045,-1.7146187917947673
0.9957855725364649,0.8120520507510912,-1.6709350588690388,1.9574257218733668,-0.11491581113069751,-1.4563989034195397
0.6245040892839041,1.5001953065117744,-1.308975399518491,0.2757141406382337,-0.9799748350705081,-1.0045140987628915
0.9957855725364649,1.7582490274220302,-1.1021413084610352,0.162363482589297,-1.1512736516922528,-0.5138963108499591
0.693579714075079,0.9267425933778718,-0.6109103421995778,0.33960269335672544,0.04781806465995987,-0.7850271936439481
-0.23030676750687254,-1.7971577940081658,0.04406427948236566,-0.606360071088037,-0.132045692792872,1.3840198687079635
-0.5756848914627422,0.23859933761718863,0.8196921209478246,-1.3091341509914443,1.9321050474991515,0.5577162259072354
1.4879493991735782,1.0701057716613476,-1.6536988846142506,0.6590454569491833,0.4418053428899726,-0.8237601769002322
-1.5772814509347648,-0.5355618251135799,1.0954709090244326,-0.7506245449685018,-0.6459421426581061,0.4931612538134284
1.5570250239647532,1.4858589886834266,-1.3951562707924308,1.7904911163831148,-0.2176951011037444,-0.9141371378315619
-0.4807059073748785,-0.8509608173372265,0.7335112496738847,-0.8639752030174386,-1.15983859252334,-0.21694343921844741
-2.0694452775718783,0.25293565544553587,1.569465701031102,-0.2827954653847087,-0.8086760184487635,1.7971716901083277
0.443180574207073,0.912406275549524,-1.0762870470788533,0.1396933509795098,-0.423253681049838,-0.6817392382938571
-0.5584159852649485,-0.7792792281954887,0.9144910793491586,-0.28691730749557914,2.4973911423509088,0.6868261700948491
-0.48934036047377477,-1.7828214761798182,-0.4040762511421218,-1.1257121770577105,-1.348267290807259,1.0483340138201678
0.5640629175916279,1.5288679421684694,-0.8263625203844276,1.8275876953809482,-1.2026632966787763,-0.9012261434128005
1.073495650426535,0.883733639892829,-0.7918901718748516,1.3865505895178127,-1.1512736516922528,-1.1723570262067895
0.6763108078772853,1.213468949944823,-1.6019903618498867,0.7270558517785449,-0.7230266101378912,-0.8366711713189936
